3,1518708353956
4,1518708440371
5,1518708651822
6,1518708706516
7,1518709783732
8,1518709820839
9,1518710189402
10,1518710228729
11,1518710434708
12,1518710474924
13,1518711425913
14,1518711460880
15,1518712284103
16,1518712352579
17,1518712518115
18,1518712556499
19,1518712784553
20,1518712821212
21,1518712939102
22,1518712984388
23,1518713142496
24,1518713181841
25,1518713589966
26,1518713628488
27,1518714226042
28,1518714392703
29,1518714453456
30,1518714739077
31,1518714775376
32,1518715200951
33,1518715334462
34,1518715487112
35,1518715540577
36,1518715917715
37,1518715957029
